bin	avg_coverage
8	79.285628
1	14.660258
2	87.736362
7	67.417684
4	44.676982
0	6.146108
6	7.025836
5	21.215372
3	111.173704
